timestamp,scenario,frame_mean,tag_count,x,y,z,qx,qy,qz,qw
1758592525.9059553,low_light,125.97409722222223,3,0.23605184989894426,0.17112448838579644,-0.2555788144565895,-0.16227254086871337,0.4327171892249718,0.04699455570664345,0.8855591275364889
1758592526.0832574,low_light,126.1875119357639,3,0.23593707820767928,0.17079829347858277,-0.25592475592084973,0.1618562316136155,-0.43275373967712705,-0.04720568772549953,-0.8856062240802417
1758592526.1368246,low_light,126.50839301215278,3,0.23574971294294933,0.17157400059515251,-0.25576633585891373,0.16310574822459714,-0.4320934172108528,-0.047565225277503606,-0.8856801584338685
1758592526.1831026,low_light,127.37155707465278,3,0.23693256471352483,0.17046334924964687,-0.25639417688320726,0.16153275899959013,-0.43320469755671587,-0.047525845100140275,-0.8854276660644234
1758592526.256749,low_light,127.36046440972223,3,0.23611998715893123,0.17128677203959577,-0.2561300054116318,-0.1624722376108208,0.4324901856604165,0.047028569467112924,0.8856315966399506
1758592526.3362024,low_light,127.34508680555555,3,0.23640539106431943,0.17079857116292796,-0.25620357577626557,0.16179689841009304,-0.432612743484202,-0.04661461480595531,-0.8857172548428973
1758592526.3950572,low_light,127.3057421875,3,0.23597153230531512,0.17060368436821186,-0.25579515936717884,0.1616049412504228,-0.4325954723619132,-0.04660406014116809,-0.8857612894193215
1758592526.4655385,low_light,127.33477864583334,3,0.2362056603604535,0.1711435691006891,-0.2559640298736366,-0.16227229183807287,0.43249643409118144,0.04656933318165031,0.8856894687231229
1758592526.516285,low_light,127.33952039930556,3,0.23633301505114349,0.17108986567299986,-0.2560317144461734,-0.16213564144782894,0.43262492823342735,0.0467051303427134,0.8856445878810488
1758592526.5782855,low_light,127.32442708333333,3,0.2358132457927252,0.17070168726181223,-0.2559898996339804,-0.161744112346576,0.4322160406466803,0.04665849084172936,0.88591823638601
1758592526.656765,low_light,127.3092013888889,3,0.23589648709800967,0.17063127991677526,-0.25618367678854953,0.1615530186822656,-0.43223026062744097,-0.046498231072460545,-0.8859545916466119
1758592526.7364285,low_light,127.30424370659722,3,0.23590168264175712,0.17052091496658017,-0.25617825899939833,-0.16134252729230833,0.4322688471479068,0.04652624260175678,0.8859726527504747
1758592526.784782,low_light,127.287685546875,3,0.2359656759414607,0.1703999757190855,-0.25612607226399664,-0.161167845191603,0.43244140695718114,0.04660323739923922,0.885916188749872
1758592526.864878,low_light,127.31651584201389,3,0.2360275039395042,0.1704127901598607,-0.25602574552314006,0.1612935565397352,-0.4326405668210891,-0.04700582410210837,-0.8857747913888561
1758592526.9361105,low_light,127.2999533420139,3,0.23608385736743198,0.17046470442714914,-0.25601314385427515,-0.1613226666761897,0.4327243327897601,0.04686470732169146,0.8857360488519093
1758592526.9840264,low_light,127.30171875,3,0.23609876116100112,0.17020636244185106,-0.2562732994827641,-0.16106882514529533,0.4325145706188718,0.047161176081073154,0.885868953761975
1758592527.0577493,low_light,127.31656792534723,3,0.2359354601170899,0.17056765446272126,-0.25605477156598505,-0.16150420212436514,0.4324134887187674,0.047609518196514086,0.8858150491199234
1758592527.1361518,low_light,127.3010546875,3,0.23612161687209587,0.1704338122111665,-0.2560031566835002,-0.16130771348555495,0.4327006125211794,0.04716123529267083,0.8857346213056861
1758592527.1841192,low_light,127.30161024305555,3,0.2360127437267275,0.17048384359950297,-0.2561166454337996,-0.1614518978317237,0.43244924235678617,0.04767101273878385,0.8858038225341067
1758592527.264786,low_light,127.32149522569445,3,0.2359305415276106,0.17060751623987724,-0.2560495905150478,-0.16160695268119174,0.4323886159984579,0.04764532306172851,0.8858065255970861
1758592527.3233643,low_light,127.31296549479167,3,0.2357480211185162,0.17098993759439596,-0.2555645213941527,-0.16194675609345663,0.4324347433693492,0.0477402120560423,0.8857168357159844
1758592527.3770204,low_light,127.30372612847222,3,0.23616677499157945,0.1706258673193839,-0.25617578627800264,0.1615805205473149,-0.43256925353943165,-0.047585231291868604,-0.8857263810200626
1758592527.457419,low_light,127.32042317708333,3,0.23582798192978302,0.17073213561859799,-0.25550039451087997,0.16145771709280135,-0.432656186028194,-0.047455857557796945,-0.8857132560068026
1758592527.5360937,low_light,127.28693142361111,3,0.2358827024044808,0.17089114635377703,-0.25547329815855724,0.16168134924805896,-0.43269946030747297,-0.047361756357546726,-0.8856563568279047
1758592527.5867958,low_light,127.30854926215278,3,0.23621856720427337,0.17032102503040214,-0.25599187060578904,0.1609784105183216,-0.43285486636147497,-0.047007364698715845,-0.8857273416115516
1758592527.665477,low_light,127.32481987847223,3,0.2361282209135994,0.1704874275711444,-0.2559452144250288,-0.16126132206551747,0.43277629692006747,0.04709479550675523,0.8857096268337675
1758592527.7146077,low_light,127.310029296875,3,0.23634629667175913,0.1705844217435679,-0.25604582200872766,0.16136648428631412,-0.4329279268903098,-0.04712005991025097,-0.8856150223554178
1758592527.776879,low_light,127.329658203125,3,0.2364573261131194,0.17051406142639783,-0.256182506167603,-0.1613474875780773,0.43299758453101156,0.04706134386463289,0.8855875507007795
1758592527.8571491,low_light,127.29990451388889,3,0.23580659896237396,0.17120198233819525,-0.2558484451078415,-0.1622432792567416,0.4322050583445075,0.04768309436063347,0.8857777533837903
1758592527.9368167,low_light,127.29312825520833,3,0.236129776732335,0.17062906715613133,-0.2563666337309694,0.16153509935640134,-0.43236349733599355,-0.047382146327748474,-0.8858460080943424
1758592527.9858205,low_light,127.30104709201389,3,0.2359644764925434,0.17139120885780282,-0.255803511868912,0.16249072595254146,-0.432378259378977,-0.04767765101767904,-0.8856481504464729
1758592528.0647702,low_light,127.32401258680555,3,0.2362379591776136,0.17089921125456986,-0.25623869564898816,0.1619694480042585,-0.43250159485287487,-0.047455404476982724,-0.8856953499645582
1758592528.1144412,low_light,127.32255425347222,3,0.2360989976115687,0.170935525163136,-0.2564815692713,-0.16187661145693474,0.4320995081609533,0.04730497292158405,0.8859165972297679
1758592528.1767573,low_light,127.32529513888889,3,0.2356874312188799,0.17155437330737167,-0.2554909164679995,-0.16281806275077618,0.4321633714796339,0.04758566604698727,0.8856978622421445
1758592528.256418,low_light,127.3126171875,3,0.23627554284527483,0.17085028565036606,-0.25573713246760893,0.1620718017959331,-0.4329469793327162,-0.04749994636678479,-0.8854566049471027
1758592528.335716,low_light,127.30699327256944,3,0.23624182740903335,0.1709694952623558,-0.2556285529084467,0.16227143999607463,-0.43293738350201494,-0.04763131170971616,-0.8854176753785988
1758592528.387385,low_light,127.3176095920139,3,0.23620619205220308,0.17102613041363424,-0.25563247739887135,-0.16231908144121013,0.43280041800449254,0.047608695485940114,0.8854771177672209
1758592528.46377,low_light,127.32544379340278,3,0.23578085801519688,0.1717278105497074,-0.25528488728104826,-0.1632203272895317,0.43238617342972085,0.047762930215028705,0.8855055190587895
1758592528.5158803,low_light,127.32248806423611,3,0.23591305793769832,0.17165267977132595,-0.2551244663788684,-0.16314594313057582,0.4327596540443178,0.04774080162756592,0.8853379574667716
1758592528.5768092,low_light,127.321513671875,3,0.23600785627277265,0.17160127304496553,-0.2547635084738714,-0.16332347450649723,0.43338908747717153,0.048272182370456676,0.8849684389513695
1758592528.655828,low_light,127.31967664930555,3,0.23625110188261708,0.17113135981948221,-0.2555170247225151,-0.1627062898375837,0.4330231243115661,0.047746146601828104,0.8852897506146871
1758592528.7351372,low_light,127.30091905381944,3,0.2362804992913977,0.17103358933602567,-0.2560924121332046,0.16213651179612648,-0.4326604818435169,-0.04730215595019099,-0.8855953732015451
1758592528.7858992,low_light,127.29491319444445,3,0.23620898279655145,0.17111505321715792,-0.25617620410084574,-0.16214783993562507,0.43247587616545513,0.04713035515568157,0.8856926239740464
1758592528.865313,low_light,127.30808485243055,3,0.23586083797407978,0.17149687760614674,-0.25569608109136704,-0.16252445372310895,0.43229208329666935,0.04724090110555493,0.8857074313359721
1758592528.9155126,low_light,127.30840277777777,3,0.23639775805043628,0.17137010365167957,-0.2562956737418788,-0.1625406005073276,0.43250436573311857,0.04690332325692205,0.8856187696046005
1758592528.9772787,low_light,127.308857421875,3,0.23590654710592882,0.17126900813456994,-0.25566614295353224,0.16218618704690588,-0.4324509241049852,-0.047370262814325804,-0.885684987550784
1758592529.0570855,low_light,127.30502061631944,3,0.23577576031748718,0.1715876090803509,-0.25565611812591066,0.16271335894162148,-0.4322287777221231,-0.04737095143903307,-0.8856966972336157
1758592529.1354487,low_light,127.29822157118056,3,0.23593872090658774,0.17145403239811322,-0.2555773547133648,0.1625264944945811,-0.4325072859340864,-0.04734879856123971,-0.8855962271125821
1758592529.1862922,low_light,127.32070421006945,3,0.2358127555275629,0.17156454230759588,-0.255636925236422,0.16273425778890052,-0.4322247643087399,-0.04739838047716958,-0.8856933487321055
1758592529.2645214,low_light,127.32769205729167,3,0.23598643509247688,0.17176751873787363,-0.2550366623846276,-0.16338584040398166,0.43311444922526066,0.0478433881631568,0.8851146542888402
1758592529.323544,low_light,127.34050130208334,3,0.2361139433520579,0.17161754720297076,-0.25504480241204536,0.16335652987110386,-0.43308203980878224,-0.04878476642289892,-0.8850845369277437
1758592529.3765726,low_light,127.34088216145834,3,0.23608336165426072,0.17185304587147918,-0.2551741622048605,-0.1636078167133378,0.4330092798070462,0.04840065031599046,0.8850948101532782
1758592529.4572387,low_light,127.34442599826389,3,0.23618828800889105,0.1717931766094114,-0.25534398994265245,0.16345643507999685,-0.4330436299063738,-0.0483579072031993,-0.8851083104566224
1758592529.5364237,low_light,127.33420355902778,3,0.23675531921110796,0.17169957067784766,-0.2560586169820644,-0.1634802270450023,0.4331670983626912,0.04812832412047701,0.8850560121702554
1758592529.5989876,low_light,127.35778754340278,3,0.23629414160887618,0.17167383664135957,-0.25536169841204165,0.16305221438388073,-0.433072296003453,-0.048022508925096276,-0.8851870991238799
1758592529.6637907,low_light,127.32571180555556,3,0.236293932374292,0.1717240940697661,-0.2553623369959854,0.16304263775846226,-0.4330431070385071,-0.04785738066608728,-0.8852120857935568
1758592529.7249827,low_light,127.33487196180556,3,0.23604055091692153,0.171808212908985,-0.25526714792777705,-0.16346080230503846,0.4327289887952679,0.04838013691642093,0.8852601599066608
1758592529.7865012,low_light,127.31519097222223,3,0.23605827025857104,0.17188903092110638,-0.25526591955316325,-0.1635971032654355,0.4327472805841138,0.04846337784142661,0.8852214863854198
1758592529.8578608,low_light,127.32132378472222,3,0.23613812303564788,0.17185615857018757,-0.25529135753764315,-0.16345214135301442,0.43289266138702154,0.04823337971986489,0.8851897436624392
1758592529.9378445,low_light,127.33187934027778,3,0.23601655413167,0.17196565692206423,-0.2553645080218813,-0.1636262988639353,0.432623351432874,0.04832662700131764,0.8852841392670232
1758592529.9857535,low_light,127.31421657986111,3,0.23617439248894775,0.17167268815674777,-0.25537614717988366,-0.16322896847607193,0.43291846353938823,0.04826158056403462,0.8852167687173547
1758592530.066,low_light,127.30086263020833,3,0.23603569284678247,0.1719436389623489,-0.2554594253470561,-0.16364879390142031,0.4325689066065954,0.04833613626062715,0.8853060664104699
1758592530.1245158,low_light,127.30671657986112,3,0.2360119443955587,0.17192854448579,-0.25552526192120606,-0.16370886560976466,0.4324848972464512,0.04843187334896603,0.8853307713043754
1758592530.1783113,low_light,127.2877463107639,3,0.23626292487354694,0.17169361878173298,-0.2555303196283852,-0.16311445916857154,0.43301318717879456,0.04797919413654667,0.885206896645871
1758592530.255836,low_light,127.29678385416666,3,0.2363341850901204,0.17180888199777833,-0.255593905365102,-0.16340283625065233,0.4330528942820806,0.04819176536852923,0.8851227359015361
1758592530.3351357,low_light,127.27269856770833,3,0.2362535258218005,0.17186424606275505,-0.25552864074368853,0.1635361146150074,-0.4329997132338421,-0.0482118237825977,-0.8851230465893388
1758592530.3856804,low_light,127.27251519097223,3,0.23626737539918227,0.17188221889605867,-0.25556543963087397,0.16352114230835268,-0.4329684275544613,-0.04803933699476035,-0.8851504950347667
1758592530.466305,low_light,127.31822048611112,3,0.23624261709028752,0.17193593531001752,-0.2556311046424153,0.16351272157050437,-0.43289190276415757,-0.048024380961660486,-0.8851902898468126
1758592530.5158832,low_light,127.29778428819445,3,0.23592089799105795,0.17189061908588985,-0.2555722242984792,0.16369367831667928,-0.432345579783008,-0.04832613372136211,-0.8854074000824678
1758592530.5770178,low_light,127.30838107638888,3,0.2363330864012854,0.1715983643191925,-0.25585274143364284,-0.16288333918995504,0.43285721344992645,0.048126580405290546,0.8853177298784811
1758592530.6562665,low_light,127.29348741319444,3,0.23619907346749755,0.17169017718476387,-0.25563514939735005,0.1631030522862738,-0.4328032161970523,-0.048078323172020945,-0.8853063002291106
1758592530.7350397,low_light,127.26526041666666,3,0.23628760610553776,0.17161628710098345,-0.2557082425406004,0.16304546342016776,-0.4328729317966393,-0.04789761034361543,-0.8852926186856278
1758592530.787959,low_light,127.23754557291667,3,0.23586905888997012,0.17177111871195763,-0.25534485852473854,-0.16336660130180913,0.4325187004377474,0.04815768214668417,0.8853924355905672
1758592530.8640053,low_light,127.25841362847223,3,0.23612896693183116,0.17155404557606654,-0.25534587395281094,0.1627982457574868,-0.4328850373763693,-0.04769010754482622,-0.8853433962233567
1758592530.9145453,low_light,127.23337565104167,3,0.23576909313836705,0.1710516719130565,-0.25534708176736337,-0.16208324184644018,0.4324160122419368,0.04754636618134308,0.885711441798219
1758592530.9770162,low_light,127.23604926215278,3,0.23613989742875421,0.1716783480903988,-0.25544548170148734,0.1628563460447216,-0.43287805480414376,-0.0476748221257627,-0.8853369480357294
1758592531.0562365,low_light,127.23611653645834,3,0.2358233271599107,0.17197389092985116,-0.25614525542888583,-0.16359786371264007,0.43180588289212385,0.04851665801083702,0.8856780184603621
1758592531.135905,low_light,127.21364691840277,3,0.23557558850239832,0.17160055843932343,-0.25585838491739676,0.16275069454925828,-0.4317964117808475,-0.047937543176714434,-0.88587022873054
1758592531.186403,low_light,127.23478298611111,3,0.23548150057177267,0.17160144467849325,-0.2558200192070486,0.16292127193768552,-0.43169727923864465,-0.04800673905536351,-0.8858834411215893
1758592531.2649758,low_light,127.24342230902778,3,0.23548118066353554,0.1717616968543346,-0.25573185257379527,0.16335523178174058,-0.4316988210226461,-0.04834971413094929,-0.8857841166563365
1758592531.3157074,low_light,127.24397026909722,3,0.23594309535481037,0.17090506331261826,-0.2566379086314877,0.16230277791208306,-0.43175285630611027,-0.04795778576841406,-0.885972533512031
1758592531.3765893,low_light,127.29154513888889,3,0.2363406380871855,0.1710253972601888,-0.25778398084082904,0.16243301570067437,-0.4314585732304296,-0.04780679127886654,-0.8861001781423843
1758592531.4567573,low_light,127.48680230034722,3,0.23558153752926816,0.17088809103618943,-0.25667586445276597,0.16048763869518518,-0.4299956669891041,-0.04504016283104373,-0.8873098826953256
1758592531.5346613,low_light,127.7397580295139,3,0.23883647668046173,0.17083002083585486,-0.26062718383754907,-0.1605254553891387,0.43519126415545084,0.044723140244692886,0.884782449250404
1758592531.5893369,low_light,127.8676877170139,3,0.23865384509725662,0.16995243490474268,-0.2629066835129286,0.16134283236331878,-0.43335213028877106,-0.04438096864724531,-0.8855533587769276
1758592531.647853,low_light,128.55993923611112,3,0.23453225335665398,0.172962884846518,-0.258695439607999,-0.15720754773499337,0.4407804273661776,0.04882122921163106,0.8823915737156068
1758592531.7128494,low_light,128.67009657118055,3,0.23363013436056682,0.17459265736753182,-0.26236127190263137,-0.15974561492679354,0.4390943555730069,0.052884889562570994,0.8825421654921315
1758592531.7779355,low_light,128.1426291232639,3,0.23565073638178494,0.17374187511616027,-0.2580555555331446,-0.16723526806601458,0.441761863659206,0.04077239044314826,0.880463760247283
1758592531.8541741,low_light,129.17569227430556,1,0.02116215484573647,0.06039441701772738,-0.3447007806157177,0.23132040888991062,0.1930735633947317,-0.08928130191750257,-0.9493378306361657
1758592531.9338026,low_light,129.3380881076389,3,0.23234118371750534,0.17571379097520204,-0.261273920817603,-0.1674432199627019,0.45678001887833586,0.049629394513818266,0.8722681386146242
1758592531.9911587,low_light,129.39567708333334,3,0.2323035635388492,0.17594056047353934,-0.259393748534145,0.1691023315278947,-0.4616569106281627,-0.04726020279775928,-0.8695077754526438
1758592532.047516,low_light,129.70065538194444,3,0.23137809262528233,0.1788865942994957,-0.25904509928206765,-0.17417324622503128,0.46921436639991765,0.044247057305146414,0.86460612800465
1758592532.1241956,low_light,130.02543619791666,1,0.017802969744575875,0.06200134802060717,-0.34106516785612995,-0.23524662102147337,-0.1690849955979672,0.09577404764190049,0.9523112009001583
1758592532.6548836,low_light,134.38358723958333,3,0.09011057521061006,0.13397793393381538,-0.16523097011576934,0.2167231724243225,0.0800463154499681,-0.13594428871715022,-0.9634016837656089
1758592532.7343354,low_light,134.26234483506946,3,0.2113967673817472,0.1300986670333689,-0.16939842357735344,0.2242145293113245,-0.16733313063828337,-0.09025808203779845,-0.9558142847140075
1758592532.7773302,low_light,134.28630208333334,3,-0.0558881983142388,0.09521628049236841,-0.2596107367794793,-0.20373955457935078,0.0936625991291602,0.07407151016660132,0.9717154536209751
1758592532.8458385,low_light,134.40871419270835,2,0.10843336541811759,0.06850993484938978,-0.32531042301095114,0.2754397448652969,-0.1490933803644059,-0.0726878061635804,-0.9469005194397034
1758592532.9121816,low_light,134.33203559027777,2,0.09992190462467475,0.081973479174318,-0.3335943771312081,-0.28677203891261316,0.14782915446475886,0.08988646916354395,0.9422466563747779
1758592532.9752886,low_light,134.1059450954861,3,-0.17002663750702043,0.10974065411176719,-0.25659753915543937,0.21310169065717724,0.03527685167501493,-0.10221591794970189,-0.9710278674130067
1758592533.0530097,low_light,134.14095269097223,2,0.11282148875609671,0.07265968626732186,-0.32095063029365567,0.28646073220626017,-0.1792237025117912,-0.07500306605135248,-0.9381863639196186
1758592533.1318715,low_light,134.16921766493056,2,-0.04578952070053012,0.09994286324662788,-0.3189493732769521,0.31503718961457167,0.025448582302804557,-0.11970595079102722,-0.9411558979062641
1758592533.202036,low_light,134.11287760416667,3,0.2737365677334999,0.15384569096720063,-0.17713202601929154,0.20784869303387735,-0.1798554287490539,-0.13869189936663626,-0.9514281384338373
1758592533.2460642,low_light,134.141650390625,2,0.11206095899123028,0.07096481405149868,-0.3184186186180945,0.2838674134057159,-0.1957532097234257,-0.07924956316607591,-0.9353178493043478
1758592533.323882,low_light,134.26826497395834,2,0.08413063607556308,-0.07868163604422977,-0.3179790942739623,-0.08082419075797996,0.18696298460547023,-0.006194517504211048,0.9790168132001731
1758592533.3743513,low_light,134.09291015625,2,0.10756916360947782,0.07287096271639434,-0.3291110115694807,-0.275299566657302,0.1953806814339889,0.10293868271930598,0.9356495954793682
1758592533.4540813,low_light,134.1740896267361,3,0.2767706566234422,0.15506710295470588,-0.17105814734942196,0.21329740711933667,-0.17967445861931242,-0.13302687101816094,-0.9510652746384672
1758592533.5352075,low_light,134.189638671875,3,0.18612658262480145,0.1757449293784116,-0.16618348835505972,0.23452141381171782,-0.009459773829601281,-0.17117135228002336,-0.9568754293540376
1758592533.5886092,low_light,134.2433279079861,3,0.2839924771859749,0.15281795863939224,-0.16692617284288946,0.21125486615390107,-0.2023283203059233,-0.12790487133943898,-0.9476681783283235
1758592533.6467545,low_light,134.26116427951388,3,0.26954479481870214,0.05262649571660677,-0.16632308486871653,0.05314002801957265,-0.1938660072397489,-0.013434954688893663,-0.9794955899091655
1758592533.7114813,low_light,134.23465494791665,3,0.18687962246923487,0.1740821828758278,-0.165748991217872,0.23220340326775257,-0.008725757493915243,-0.17073809669756246,-0.9575249046385815
1758592533.773096,low_light,134.2030718315972,3,0.23374861089306478,0.16470210035384847,-0.18166343946427668,0.22441340689389522,-0.10453675112212946,-0.1490880330843519,-0.9573314205969344
1758592533.8543959,low_light,134.2536566840278,3,0.18782440010313542,0.17348770617014617,-0.16581868194937205,-0.23246107955582157,0.009496836675530251,0.16968674433414516,0.9576419296282814
1758592533.9332676,low_light,134.25193467881945,3,0.18764228091745738,0.17382758554423003,-0.1654984619646124,0.23290634702111607,-0.009129599145659029,-0.17009593160696368,-0.9574647032593306
1758592533.977245,low_light,134.24222113715277,3,0.18605204167301156,0.17654881483462512,-0.1656164488094266,-0.23535904544720784,0.007820157290053364,0.17064541120251997,0.9567785054555004
1758592534.045928,low_light,134.27986436631946,3,0.2623213554986141,0.1589086398319405,-0.178355726236033,-0.21833000620429016,0.15913911151942783,0.1369612979417906,0.9530206474372638
1758592534.127989,low_light,134.25965277777777,3,0.2755271297755177,0.15487122300978284,-0.17270348765526944,0.21348749578974208,-0.18451526526197515,-0.13136885064579226,-0.9503259604507979
1758592534.1758847,low_light,134.2402560763889,3,0.18699116319649703,0.17404774956794278,-0.16588460217446208,-0.23272166847813455,0.008654279627708483,0.16966500469804588,0.9575904733473963
1758592534.2538805,low_light,134.27022677951388,3,0.36399272463655197,0.03495999767873936,-0.16969473950263825,0.038216906387051594,-0.3685145811147492,0.025240834404032367,-0.928493065052514
1758592534.3318183,low_light,134.2514138454861,3,0.27176530422533235,0.1564615526698295,-0.17420936444805415,0.21610181753219818,-0.1771197577118948,-0.13370517351769928,-0.950816240112653
1758592534.3736932,low_light,134.23929470486112,3,0.18762257797377072,0.17547268068123878,-0.16657823408632533,0.23402851618476228,-0.011401489607176685,-0.17010669544338228,-0.9571647568796234
1758592534.446081,low_light,134.2110666232639,3,0.3629607771090268,0.032341698107714055,-0.1702856140979346,-0.03354260088959683,0.36586973726716643,-0.025702201474410113,0.929706204194091
1758592534.5136635,low_light,134.21100043402777,3,0.3507849685917317,0.03751917183851735,-0.17672283473804806,0.041280455861804226,-0.34297289748085846,0.019096177841687295,-0.9382434926762162
1758592534.575206,low_light,134.20715386284724,2,0.24063765546837745,0.17657653229125508,-0.10401558812565569,0.11955923047713804,0.15769379468832423,-0.1299937637278931,-0.9715656843036233
1758592534.6537564,low_light,134.27034613715279,2,0.35420487426354164,0.24612574838759482,-0.06634529472614054,-0.27125540470735565,0.178010293323836,0.24433839369571334,0.9138006293793023
1758592534.7304745,low_light,134.2467502170139,1,-0.10650357744883207,0.022814499118039455,-0.4005123943409122,0.1932142314651727,0.0928189658431603,-0.07895423471240388,-0.973560028534506
1758592534.7801042,low_light,134.16204210069444,3,-0.0909002497817482,-0.011452835438781514,-0.26966039159706656,0.05909890443604439,-0.10706019475047801,-0.018059140796945723,-0.9923302381909587
1758592535.0557873,low_light,132.59381944444445,3,0.05644968921744669,0.09439829905559392,-0.1523206735162114,0.20282151892346048,0.1723513396888534,-0.12921613096183676,-0.9552285792773849
1758592535.1342268,low_light,132.32824110243055,4,0.16662864815508932,0.16529200308177805,-0.051754387970697466,0.18429359787070912,0.1433564124297999,-0.15390548702957899,-0.9601030725194637
1758592535.1792643,low_light,132.82434244791668,4,0.24098608605628158,0.1721735683763428,-0.05671661363498097,-0.19809944079542008,0.03747538226976943,0.12736889767298537,0.9711484805043178
1758592535.2453175,low_light,133.607353515625,3,0.12163691313997055,0.11711892131845088,-0.17772507567241577,0.208920339961183,0.03622095590804941,-0.13204609531207953,-0.9682996244016849
1758592535.3129041,low_light,133.53429796006944,4,0.20701849531684618,0.17813689967074162,-0.0672692133257752,0.17760711811821206,0.05179505302680354,-0.17010215948531573,-0.9679040445282407
1758592535.3752065,low_light,133.01231770833334,4,0.26337985144678483,0.17620013901413423,-0.05325114646096721,-0.19328899648165176,0.08898127273975831,0.14136798156685557,0.966817868436678
1758592535.4559877,low_light,132.4953786892361,3,0.17041707780680623,0.10620087149681916,-0.1739945204621597,-0.21605530510246887,0.04751521488518873,0.10808010986733227,0.9692167452858823
1758592535.5344777,low_light,132.20696506076388,3,0.10275739733215528,0.1561140502449321,-0.14969693325170721,-0.16438832891575553,-0.15061336756369648,0.16763697464382854,0.9603072089491325
1758592535.5815322,low_light,131.95484157986112,2,0.13818581934282254,0.17278571691518158,-0.04131725799461444,-0.0710335335239651,-0.29279470068749314,0.15185391473744805,0.9413638451434879
1758592535.646401,low_light,132.3613693576389,3,0.10510194535776207,0.179736148451891,-0.14872424205751544,0.1891109389365719,0.14907212168661732,-0.17149184030068504,-0.9553036711018453
1758592535.7115293,low_light,132.61446397569443,1,-0.17204750889765547,-0.028094677980453647,-0.3738107864455425,-0.101796161913068,-0.2930252899266472,0.10448284630191214,0.9449111364100982
1758592535.7735083,low_light,132.02167100694444,1,-0.17770747831139938,-0.029849415274757457,-0.3636786291981483,-0.0997427609808417,-0.3093157594980077,0.10460398889049399,0.9399112447812756
1758592535.8559926,low_light,131.49254557291667,4,0.1527221806779276,0.15894612429067803,-0.046865467114733536,-0.16221920534987624,-0.1609060244877777,0.16204165189989964,0.9599670222193805
1758592535.9348173,low_light,131.54386393229166,4,0.2419348210373753,0.1673388195751589,-0.04644405616385089,0.18926290561160905,-0.06598886638705304,-0.12349132376792316,-0.9718924400500546
1758592535.9820354,low_light,131.57828667534721,4,0.19203265186428553,0.16264513169802086,-0.06199495123099513,0.1730375741852566,0.061692683632917245,-0.147165411500894,-0.9719024397356061
1758592536.0475404,low_light,131.545087890625,4,0.22739180099263337,0.16630198285034026,-0.05503787461240563,-0.18641618911765612,0.023250929301420586,0.1329562483383755,0.9731551956133485
1758592536.1104195,low_light,131.48123914930557,4,0.15380200574948527,0.1594871348538023,-0.047840485662312165,0.1626485937143673,0.1594949265058564,-0.1614999820522859,-0.9602210991114191
1758592536.175638,low_light,131.50444661458334,4,0.16801574304051936,0.16120488521906967,-0.05638943460626605,-0.16774613802600585,-0.11998784184261058,0.15393902579263968,0.9663161632329896
1758592536.2554421,low_light,131.51788845486112,4,0.200327245411787,0.1624872208503784,-0.06255620347764936,-0.1781823483676752,-0.042644320532180036,0.14132746266784652,0.9728612752866657
1758592536.3332617,low_light,131.497333984375,4,0.24050943741416997,0.1672186299604801,-0.0453408957380676,-0.1936654795879951,0.06132320165691518,0.12615176867786881,0.970988608694223
1758592536.3830962,low_light,131.4922732204861,4,0.16596969676113682,0.1587590302323545,-0.055554907392222866,0.16654652579420476,0.12542149349897314,-0.1555794005891594,-0.9655706881563281
1758592536.449085,low_light,131.5244021267361,4,0.1488079804290328,0.15621537238749583,-0.045874294692639414,0.15696246708504952,0.1725565671936743,-0.16057232955060724,-0.9590638883972228
1758592536.5215356,low_light,131.49423502604168,4,0.2287302689996643,0.16630267359033118,-0.052954097653352766,-0.18912943134606816,0.027572437056405774,0.13078237115261668,0.9728133378553063
1758592536.5749085,low_light,131.47673285590278,4,0.20907372406136474,0.16212325748696937,-0.062268034522308405,0.17964278564066682,0.02184754139063938,-0.13702368755582492,-0.9738971524504264
1758592536.6552474,low_light,131.49107855902778,4,0.1734446287280987,0.1604751709730477,-0.05892462302622786,0.1703483221112853,0.10589040747291856,-0.1517584357090805,-0.9678522862246192
1758592536.7348554,low_light,131.4657638888889,4,0.17904999706538338,0.1611935167593251,-0.06072854496231572,0.17198283381582846,0.09226166064605668,-0.1490603288212444,-0.9693764538192642
1758592536.7866776,low_light,131.57727647569445,4,0.20759128543521574,0.16295668597689905,-0.06122754339958747,-0.1806093711246397,-0.025637730047414875,0.13793657423734626,0.973497027908993
1758592536.848171,low_light,131.60788302951389,4,0.2289605632460729,0.16444967356822626,-0.05512304745779721,-0.18602100144436823,0.028768173366255145,0.12900752411635166,0.9736147276742337
1758592536.9153252,low_light,131.598193359375,4,0.2304336839360635,0.16491543321108626,-0.053877486402585426,0.18726531759095025,-0.032729619613842686,-0.1285326243523658,-0.9733138431690919
1758592536.9765022,low_light,131.553486328125,4,0.16396325546654406,0.158890649702218,-0.055612452968589715,0.16626580353766537,0.12948080738757495,-0.1548993641948955,-0.9651925145090244
1758592537.057259,low_light,131.56874674479167,4,0.16029885135000396,0.1586666267538199,-0.0534911480928736,-0.1652906190068304,-0.13954494516611304,0.15687509772085922,0.9636370806802712
1758592537.1342936,low_light,131.556201171875,4,0.24005968922830553,0.16581270784445726,-0.0452271449591196,0.19073913574142407,-0.060983252722656256,-0.12397035740499791,-0.9718698346326308
1758592537.1879036,low_light,131.56203667534723,4,0.1810012045269325,0.16071833982391726,-0.06117729652285661,0.17224278771748575,0.08757488526699297,-0.14820504863434458,-0.9698960382995044
1758592537.2490506,low_light,131.57621744791666,4,0.24098064977375133,0.16498457391711382,-0.046577695756506804,0.18886009129011638,-0.06410220537533506,-0.12307565146589708,-0.9721497606851283
1758592537.312478,low_light,131.57473198784723,4,0.16934566363188544,0.15904787812765758,-0.05865137770884783,-0.1669890840734415,-0.11545501631331911,0.15293181975851594,0.9671590580218712
1758592537.375267,low_light,131.56471245659722,4,0.16318325206429607,0.15868231408649985,-0.05572211452664351,0.16537794639556494,0.13119499099555243,-0.15534806550122165,-0.9650414435290798
1758592537.4557207,low_light,131.6164138454861,4,0.24021578055987708,0.16648026994010723,-0.04513855280440117,0.1922297241489818,-0.06122868024532946,-0.12458631000611887,-0.9714818748839735
1758592537.5333147,low_light,131.61161458333333,4,0.15196140368950084,0.15762833678634786,-0.0484761706315955,-0.16080657369439738,-0.16245523414001162,0.1598713389736068,0.9603076057867959
1758592537.584491,low_light,131.63496636284722,4,0.16616680556550084,0.15905987761932783,-0.05682873362962447,0.1668036124867489,0.1238486588852643,-0.15383542868068859,-0.9660086570193462
1758592537.647971,low_light,131.6456423611111,4,0.16422149476153383,0.15971028562622588,-0.055655161973039546,-0.16734406552818543,-0.12862444414429774,0.15520465907947725,0.9650716190527477
1758592537.7107866,low_light,131.64599826388888,4,0.17152703281727763,0.16040198962368335,-0.058564306126306837,-0.17004672133843832,-0.11022922723867556,0.1521820286906077,0.9673542578435385
1758592537.7748094,low_light,131.62868055555555,4,0.17325919873032253,0.16054075866524636,-0.059151416207908994,0.17052690370609647,0.10604139114614242,-0.1513865557521353,-0.9678625466530401
1758592537.8552172,low_light,131.6765082465278,4,0.1662997368265801,0.1596961410618002,-0.05658605468355157,0.16739835736276248,0.12342695401167325,-0.15459556767562044,-0.9658383857720205
1758592537.9339435,low_light,131.66701280381943,4,0.1628240965189358,0.15896393804031395,-0.05501322028176471,-0.16613222203211409,-0.1326783459019487,0.15572388498453832,0.964648440094482
1758592537.987463,low_light,131.67887044270833,4,0.1600165353759816,0.15882878213972446,-0.0536612492060191,-0.16485636285660904,-0.14006954386110126,0.15698148213901714,0.96361803468681
1758592538.047216,low_light,131.71200954861112,4,0.15757544249878636,0.15877021126027763,-0.05255244285545953,0.164141178214941,0.1467640970099473,-0.15808271681779637,-0.9625631553755681
1758592538.1137488,low_light,131.70944118923612,4,0.24070552228027528,0.16497513576737666,-0.04621280531751486,0.18961648054618788,-0.062490168124675005,-0.12316547156069921,-0.9720961042038271
1758592538.176092,low_light,131.7047699652778,4,0.1584657185429545,0.15814536011202435,-0.05306294251806529,-0.1637849261207976,-0.144440119525862,0.15724648928487128,0.9631121904817437
1758592538.255811,low_light,131.70679578993057,4,0.24050710514096968,0.16611289630226753,-0.04554682409000842,0.1915379780432872,-0.061809091656579884,-0.12433970900288258,-0.971613336631788
1758592538.3351245,low_light,131.69511284722222,4,0.2404596632091564,0.1660045604951692,-0.045561957498268996,0.19163591224917595,-0.061671431578738,-0.12421565107067686,-0.9716186410791752
1758592538.3871055,low_light,131.72631184895835,4,0.15766670978260638,0.15850542637174866,-0.05224244562519126,0.1645488278175426,0.146783581273087,-0.15820465133775488,-0.9624705459532876
1758592538.4474223,low_light,131.7269748263889,4,0.16169711108459933,0.15905996763194935,-0.054387792911771385,0.16600223205483783,0.13594541900708168,-0.1565210669372803,-0.9640867479685717
1758592538.5233846,low_light,131.73107530381944,4,0.1685927316409313,0.15984842145079647,-0.05747301635254566,-0.16870412414268712,-0.11808878621354824,0.15359479558660907,0.9664380972605371
1758592538.5756514,low_light,131.71882703993055,4,0.16379995234582798,0.1587641525401995,-0.05588160919329904,0.1657937362849514,0.13000694218581565,-0.15526621335459914,-0.9651440488251971
1758592538.6556132,low_light,131.73797743055556,4,0.17149462760339082,0.15958966745954548,-0.058871031247808875,0.1683524386057168,0.1107373295857157,-0.15219157118834356,-0.9675910426988031
1758592538.73421,low_light,131.73256510416667,4,0.17867887520368622,0.16026983169601527,-0.06084181973760755,-0.17112538224960988,-0.09331423629729729,0.14944111767417415,0.9693688200073646
1758592538.7870855,low_light,131.75042209201388,4,0.15997985850702556,0.158406383769881,-0.05325278685603392,0.16417788137851902,0.14048982726863224,-0.15697214910223395,-0.9636742064133067
1758592538.8471599,low_light,131.7384689670139,4,0.15897293930452128,0.15864132759401509,-0.05281813343797752,-0.16452043431592636,-0.1429733978307266,0.15729890411626285,0.9631971184389302
1758592538.9117403,low_light,131.77208550347223,4,0.24069071400769046,0.1656277119185468,-0.04531565124928934,-0.19068641059019892,0.06246815072064904,0.12384327200684277,0.9718020718955107
1758592538.975844,low_light,131.73302300347223,4,0.15958787467085997,0.1582993239355724,-0.05324566094001168,0.16432056535105136,0.14134247756813634,-0.15691470025595716,-0.9635345518875775
1758592539.0562592,low_light,131.71718858506944,4,0.16193336436733416,0.1585591845051879,-0.05465767389440064,-0.16483851621182125,-0.13505033063913274,0.1559541204881342,0.9645040093592759
1758592539.1334398,low_light,131.70816840277777,4,0.15718134971240613,0.15800831802225396,-0.05197903175150764,0.16326830290161753,0.1478816742969904,-0.15784741568476934,-0.962579173385953
1758592539.1862152,low_light,131.70988389756945,4,0.1586036386808961,0.15826678193809285,-0.05298309970850276,-0.16420047668000892,-0.14377065955155555,0.1572121688155854,0.9631472031244595
1758592539.248804,low_light,131.72205729166666,4,0.16625150655794388,0.15885750976539137,-0.05671767776595353,-0.16697839339342968,-0.12370070133654842,0.15391182293847944,0.9659852500884002
1758592539.3144398,low_light,131.71935438368055,4,0.16855655250225204,0.15936629125281093,-0.05732303246391102,-0.168172072370275,-0.11788287528489605,0.1530884956559365,0.9666362781765717
1758592539.3750412,low_light,131.69854166666667,4,0.16692925018148508,0.1590832606936999,-0.05679990662072705,-0.16720521595048973,-0.121779676119397,0.1535849303029416,0.966242099800586
1758592539.4577096,low_light,131.718330078125,4,0.16352587612989625,0.15882120983852346,-0.05537426574383651,-0.16584970291825146,-0.13025252488596806,0.15497585336778802,0.9651479890025587
1758592539.534034,low_light,131.7236328125,4,0.1619206924209449,0.15877214771153197,-0.05451048163161529,-0.16504467188827754,-0.13438136090566422,0.15579306511882368,0.9645882162784872
1758592539.590335,low_light,131.71410807291667,4,0.1684950883030937,0.15962872858519805,-0.05726875181540457,-0.16807854702842456,-0.11760475884953059,0.1530659218008307,0.9666899949353048
1758592539.648512,low_light,131.717783203125,4,0.23993713982238535,0.16581219554517695,-0.04531988141377087,0.19045177959376325,-0.06082466990701885,-0.12387493303955674,-0.971948290880084
1758592539.7144399,low_light,131.73614583333332,4,0.1580413340991425,0.15815439198668607,-0.05219575843231672,-0.16374615728392247,-0.1451236290329515,0.15718914888924612,0.9630253889397354
1758592539.7751954,low_light,131.69732313368056,4,0.17018812263949987,0.1592923008316307,-0.05791103112464403,0.1684775916301715,0.11395110429848487,-0.1523515104069017,-0.967170855756308
1758592539.8552494,low_light,131.7069314236111,4,0.17873906253902228,0.16056717256776784,-0.06045416591227536,0.17243580501497552,0.09305112829882178,-0.1492232585382132,-0.9691954394147715
1758592539.932381,low_light,131.71815755208334,4,0.1596151523872855,0.1583899371301975,-0.053521030751268364,0.16451658009294345,0.1409773366863757,-0.15659741635551477,-0.9636062134534603
1758592539.976193,low_light,131.69396918402776,4,0.16660787704637042,0.15895294721227013,-0.05678744656437121,-0.16735249541917335,-0.12287014354865855,0.15372926635703726,0.966055579543245
1758592540.0479956,low_light,131.73042534722222,4,0.16761036866370815,0.15947037169588427,-0.0571949468201286,-0.16778608406275955,-0.12026959066127096,0.15346255540769402,0.9663499881744684
1758592540.1109486,low_light,131.71289822048612,4,0.169710784079793,0.15970640298401434,-0.05808595334386199,0.16870547299687297,0.11497110135418098,-0.15273490743051987,-0.9669499249115739
1758592540.1747751,low_light,131.7100466579861,4,0.1589523275357378,0.15871195549107817,-0.05307109495424796,0.16423251561517033,0.14268570640298273,-0.15721966905299856,-0.9633018455634038
1758592540.2545605,low_light,131.69453776041667,4,0.17482955917677734,0.16034556144225526,-0.059530502708163346,0.17100936781212248,0.10241984371354085,-0.1505177583684177,-0.9683028328730319
1758592540.3336227,low_light,131.6980859375,4,0.17785562044140896,0.16036223775054592,-0.060268904163491135,0.17180890854585934,0.09521449629629641,-0.1494077669267143,-0.9690682214484672
1758592540.377565,low_light,131.68893120659723,4,0.2401391742368223,0.16532867101218005,-0.04567328627458829,0.18999452900064065,-0.06125151246693239,-0.12367623068525146,-0.9720362756264946
1758592540.4472713,low_light,131.7151931423611,4,0.16413986632722286,0.15914315266577977,-0.05581251988999454,0.166537625240974,0.12897268256911654,-0.15506402002038425,-0.9651872441268277
1758592540.516961,low_light,131.7021875,4,0.15838226229662858,0.15842619917071898,-0.05293024231676946,-0.16426066471359946,-0.14424005945441754,0.15733862420075642,0.9630461030558434
1758592540.576985,low_light,131.71105360243055,4,0.17381681589725972,0.16058863951508323,-0.059137146669234794,0.17088602883569465,0.10514464812180868,-0.15166627136184563,-0.9678532483033275
1758592540.6553452,low_light,131.71941297743055,4,0.1659062169412986,0.15944322246598708,-0.056564615301674226,-0.16740800678176054,-0.12441746784772056,0.15436365036287178,0.9657467144165535
1758592540.7342448,low_light,131.7371310763889,4,0.17198487838874474,0.160072528845101,-0.05874607467146188,0.16954094116504356,0.10938396765550551,-0.1519992134529883,-0.9675677009896948
1758592540.790907,low_light,131.70480902777777,4,0.1676889437637083,0.15968145449202223,-0.05739105139775304,-0.16809409685522742,-0.12013020027208388,0.15375712400003394,0.9662669695297736
1758592540.849248,low_light,131.723291015625,4,0.24036246524971622,0.1662017876829862,-0.04543048622692959,0.19138710555532673,-0.06205741107532248,-0.12419894755527226,-0.9716452413221327
1758592540.912955,low_light,131.72745768229166,4,0.15740322205596385,0.15891738924401047,-0.052181518143280564,-0.1644249976701538,-0.1469987258090999,0.15823636954222264,0.9624536591991159
1758592540.974881,low_light,131.68134765625,4,0.17078541145597465,0.1604218475896055,-0.05839142359549472,-0.16963134178019748,-0.11225351964770525,0.15254637517239614,0.9671369906245516
1758592541.056,low_light,131.66797200520833,4,0.16229096324881562,0.15969345863392503,-0.0549374371396221,0.16630116967029393,0.13370685596060927,-0.1560234797770766,-0.9644288835335
1758592541.1358209,low_light,131.65453125,4,0.16529649346388003,0.15974313020037512,-0.0563430353462232,0.16737166317782257,0.1260323475245757,-0.1546882743290053,-0.9654916423914027
1758592541.192955,low_light,131.66553493923612,4,0.2404208046285692,0.16571386885321987,-0.04584232963726177,-0.19020163785901087,0.06208425875243617,0.12352415361625681,0.9719622756281736
1758592541.2478006,low_light,131.60108289930557,4,0.24062287719658434,0.16600502044754117,-0.04571514435299094,-0.1910466858218189,0.0627829945485412,0.12358209364579342,0.9717442696317481
1758592541.3133245,low_light,131.47963541666667,4,0.24057430112128975,0.16552027141428222,-0.045217830360282374,0.19063332586598192,-0.06205519862520814,-0.12364334569343692,-0.9718643992134879
1758592541.3756626,low_light,131.26800672743056,4,0.24042065932679205,0.16541170862489107,-0.04569855800272593,0.18963427871042457,-0.06207109732017946,-0.12319209869845436,-0.9721161072802552
1758592541.4559257,low_light,131.17402018229166,4,0.15917646220669876,0.15885514745423365,-0.05325811608603752,-0.16440755713062313,-0.14192251250944676,0.15726731364464405,0.9633769499320312
1758592541.5349374,low_light,131.1181467013889,4,0.16344138035522443,0.15946702977099567,-0.055584069231863015,-0.16667656449737464,-0.13047483863542197,0.15532043939497997,0.9649201005454092
1758592541.5956738,low_light,131.09829318576388,4,0.16163941209177235,0.15913531903337674,-0.053963648365033715,0.16570367972710942,0.13533147232596077,-0.15643589875024788,-0.9642382966389506
1758592541.7145813,low_light,129.7458615451389,3,0.03475010847672674,0.06188965110256852,-0.3403933682678068,-0.17781181149776984,0.04296003739695109,0.05729701689943267,0.981455269858571
1758592541.7779198,low_light,129.01260525173612,4,0.21206496488016538,0.14856953666935357,-0.3300294531219909,0.18696669889875556,-0.3462823613209074,-0.0366001508351025,-0.9185817376258721
1758592541.8571975,low_light,128.43399197048612,4,0.13859562831526148,0.1268474006043444,-0.32408800635606666,0.16144672845502925,-0.2624930185141736,-0.054580587184158584,-0.9497648806968588
1758592541.936379,low_light,128.46396158854168,4,0.1400461524313587,0.12951131205808553,-0.3219724090956162,-0.1629358408626831,0.26518878855431194,0.05374271039923789,0.948809010953422
1758592541.9851735,low_light,128.6088302951389,4,0.13389380545731067,0.1305842101407078,-0.31870915078562323,0.16426405359196042,-0.2592130137637312,-0.0569258432718437,-0.9500449371271084
1758592542.0484314,low_light,128.5649945746528,4,0.23782817536276668,0.09617994141890876,-0.3339278760474947,-0.11342139920161638,0.40573701524266836,0.025465204852745216,0.9065674734993121
1758592542.1142359,low_light,128.92039930555555,1,-0.1810946123919792,-0.03370701802598078,-0.3574196228102561,0.08851089014419057,0.38015014432638305,-0.08408070492115123,-0.9168326592974726
1758592542.175284,low_light,129.13394314236112,2,0.038522966682759605,-0.05459409212190461,-0.41367335011755135,-0.043146772679062195,-0.059531416818659366,0.0550761114677105,0.9957715543057758
1758592542.3336656,low_light,131.3810470920139,3,0.10304481462911763,0.09992252850200367,-0.18493963825557383,0.14724092759458787,0.050592989241937,-0.08574539721669694,-0.9840773270108407
1758592542.3775241,low_light,131.09195963541666,3,0.2094255729652944,0.011578181456880951,-0.18344538301967273,0.025240446190693946,-0.13541717322054592,-0.0026391720880486517,-0.9904636004638134
1758592542.448327,low_light,129.12902235243055,1,-0.1391039798341915,-0.08070224623182605,-0.390089696256069,-0.016233549096901695,0.228814909823833,-0.03239958393801569,-0.9727951870186619
1758592542.5137014,low_light,128.05902452256944,3,0.24768633430359546,0.038135477576631945,-0.18244681696719464,-0.02075825678466529,0.21393784753335698,-0.014932274629149176,0.9765125290248229
1758592542.5758073,low_light,127.73599609375,3,0.17989371902790643,0.10779420717234095,-0.19176524991016916,0.11270160412456103,-0.09854613471709639,-0.037429372241702175,-0.9880212800611445
1758592542.6566694,low_light,127.75596245659722,3,0.12053431433386526,0.08789020641683472,-0.19190998924512512,-0.08922509909779752,-0.007188228335930802,0.040570770310613,0.9951588936751674
1758592542.733059,low_light,127.9173263888889,3,0.17526900390125044,0.0993767449591108,-0.19081137813015592,-0.10611859327509941,0.08536633170974861,0.02366969806541852,0.9903995047278786
1758592542.7846162,low_light,127.26120008680556,3,0.19593093641343673,0.11799214114156183,-0.19159340372565634,-0.12199293084332306,0.13293549886253309,0.015549323504232366,0.9834653509427703
1758592542.8634305,low_light,127.154755859375,3,0.20430324521861817,0.10128620556794055,-0.19781617057604073,-0.10038101028411306,0.1483742004668659,0.0053474084126456135,0.9838090031268407
1758592542.9131775,low_light,127.06594835069444,3,0.12759176412256523,0.10321103612579646,-0.19593607258867726,-0.105154599348856,0.009304952834744862,0.027416651751281447,0.9940343330565972
1758592542.976431,low_light,125.36267903645833,3,0.15117179686452337,0.10952002432967507,-0.1908510085562142,-0.11256783501763883,0.04359635015141361,0.027202535313521327,0.9923143971773428
1758592543.1356113,low_light,118.37474500868055,2,-0.02317750419970413,0.039798639974314494,-0.39810516356164194,-0.09670187502800191,-0.08207220390887648,-0.006766228578376363,0.99190076059172
1758592543.1847258,low_light,114.85760525173612,2,-0.024208410429308304,0.0065015455075373915,-0.40687745357274907,0.04985876197552015,0.10327274931426356,0.03071988299491062,-0.9929275562155181
1758592543.2635324,low_light,114.26569010416667,3,0.15911608371958783,0.0873206122881537,-0.17947088032868375,-0.053892971891855844,0.06196977784113722,-0.035007675995123874,0.9960069060184291
1758592543.3145833,low_light,114.26711154513889,3,0.09631008872681264,0.0697714893246782,-0.18179262518948072,0.038257181398361866,0.05172583214073245,0.029497198326820576,-0.9974922263615241
1758592543.3806505,low_light,115.15966362847222,3,0.12333423109784279,0.07486095172740247,-0.1839462938969146,0.05017905762138136,0.002424440688738705,0.02770331530092429,-0.9983529989862878
1758592543.456301,low_light,116.13490451388888,3,0.15084808889853257,0.08355697361887005,-0.18243465304133322,0.06748072653465648,-0.046861382434817855,0.023521737385250346,-0.9963418541108428
1758592543.5354698,low_light,116.37563368055555,3,0.1108348080082913,0.07196746797184264,-0.18636659739879802,-0.0564509574132504,-0.02599572429862229,-0.018585859682033176,0.9978938207771393
1758592543.5823605,low_light,120.18611002604166,1,-0.13951278344372176,-0.04344333795192808,-0.3948836420731124,0.026699913779282637,0.2598350032395208,0.02329761312725649,-0.9650026460680149
1758592543.6450603,low_light,128.28672743055554,1,-0.06603430498487342,-0.00027634022551552284,-0.4249759490644916,0.09219262882884624,0.16486815633500507,0.006649262171318892,-0.9819749475057395
1758592543.7138593,low_light,128.4278851996528,3,0.1568953532447728,0.09075672512547257,-0.18108923457663165,0.11559134699180056,-0.05444859092929444,-0.013076026143789969,-0.9917172021230258
1758592543.7754867,low_light,128.4173459201389,3,0.08589067500914067,0.07914829578697147,-0.17754930971852026,0.1038614875600923,0.0725649887402835,-0.0244692138748283,-0.9916392344916954
1758592543.8575916,low_light,126.06556315104167,3,0.10591122037876764,0.08644506983585663,-0.18395721814302543,-0.11166230837543169,-0.03595682460710359,0.021465276928517893,0.9928634737660689
1758592543.9343505,low_light,125.89800347222223,3,0.126291599230116,0.07914470045090301,-0.18828170465826766,-0.10112351994715889,-0.00012259078210130614,0.012405090019975662,0.9947965281536688
1758592543.9853644,low_light,125.65864040798611,3,0.16947781519174185,0.10367608222766006,-0.17106382714480994,0.13409082065564204,-0.07893893021635123,-0.0102404869012619,-0.9877668902834412
1758592544.0640821,low_light,125.41958984375,3,0.10075255132173876,0.06143160848257704,-0.1837406878527289,-0.07897573684251842,-0.04725836271854866,0.0089009718649292,0.995715949878881
1758592544.1251962,low_light,125.35667100694444,3,0.09780316974774328,0.08170225085382186,-0.18216412193461032,-0.10768933764988681,-0.052052419150980356,0.015915874506815104,0.9926934255628685
1758592544.1750162,low_light,125.49670247395834,3,0.09687372776299846,0.07884731966222837,-0.1814752871771248,-0.1123816483495405,-0.0543243970040056,0.015911868472988748,0.9920514288312325
1758592544.2548904,low_light,125.61905381944445,3,0.1682436463727354,0.09940135620814165,-0.17547451645199996,-0.13500703517951837,0.07180927462645814,0.010842057388565751,0.9881796285702521
1758592544.3336797,low_light,125.06546983506945,2,0.05252526730632717,-0.058757027044185665,-0.4265819038678589,-0.01386738553624084,0.004618538939685113,-0.01762197724044857,0.9997378809641001
1758592544.4640913,low_light,114.91262152777777,3,0.17107516676105106,0.05870375422386185,-0.19687811250855977,-0.05745301243774646,-0.08299280239271456,0.006624842462983615,-0.9948705732783398
1758592544.5138557,low_light,116.09150933159722,1,-0.07794492152045729,-0.049023682630909296,-0.4176705001777529,-0.07284574486307982,0.15537661549778836,0.017953037350918855,-0.9850021793182345
1758592557.534271,low_light,114.19715060763889,3,0.2216347456911428,0.0007498423608686688,-0.21356412814258607,0.06716935494700922,0.266070587446014,-0.040734532400922376,0.9607473227244577
1758592557.6649644,low_light,114.19932291666667,3,0.19824363243409726,0.1082091052156785,-0.20107683511197472,-0.07243957389888864,0.1962975097939028,0.0753373741118256,0.9749584995495936
1758592557.7165828,low_light,113.19664930555555,3,0.22197001887337908,-0.045254492128682496,-0.1993185354279419,0.1329777557943941,0.23595738001408617,-0.06355372460107937,0.9605217099941601
1758592557.7767038,low_light,112.47370985243056,3,0.20111550186296712,-0.022087751543603883,-0.20116709436823568,0.10815642265814972,0.19544229981803207,-0.051453040867676804,0.9733740700599638
1758592557.8545933,low_light,117.66421440972222,1,-0.11216560602723366,-0.08820332368663944,-0.3657342053442216,-0.08787876750168615,0.07135586838975216,-0.006794317699239571,-0.9935489416811489
1758592557.933518,low_light,118.41592122395834,1,-0.07478770712700462,-0.07544601676110695,-0.3848530035568834,0.05904568424005306,-0.02942689586996139,0.00045150377893590153,0.9978213573162383
1758592558.063668,low_light,124.40655056423611,3,0.1658692629316201,0.10977960370153798,-0.201629369564565,0.08744925832880819,-0.09440953527236495,-0.04367142417709764,-0.9907231064115448
1758592558.1190958,low_light,125.15763563368056,3,0.2119340618663732,0.002942761000905153,-0.19617960330855558,0.04947648688010037,0.17214413975458598,-0.04438486180544252,0.9828267682743835
1758592558.1750762,low_light,126.1166525607639,3,0.17066489336123203,0.10584665662561443,-0.19898816677177777,0.09247009513841493,-0.10316817475223838,-0.047129603078516644,-0.9892342542275039
1758592558.254415,low_light,131.0073415798611,3,0.16926983675898577,0.11554145453835356,-0.1971881708239439,0.11378822510482385,-0.10291213189487547,-0.04443508411505258,-0.9871610082636135
1758592558.3333435,low_light,131.07834092881944,3,0.17006985015235931,0.1249110263020848,-0.20082664726508617,0.12760929293481318,-0.10565756983210306,-0.04643822768265132,-0.9850867156263682
1758592558.3825746,low_light,131.29287977430556,3,0.1494844891854451,0.1250466319939748,-0.1929251051145832,0.12997494558589606,-0.06324887915089106,-0.05063977944403682,-0.9882012474916021
1758592558.4482505,low_light,135.60720811631944,3,0.2084356134059724,0.12904775975266777,-0.18646641471458877,-0.15383571154596712,0.1732617723815908,0.03245720864450315,0.9722455768432907
1758592558.5153584,low_light,135.70986979166668,3,0.13527075138712094,0.12995267847874833,-0.18709642033590437,-0.15760408653105357,0.03853001190471028,0.052411708195365767,0.985357500065524
1758592558.5748343,low_light,135.7276323784722,3,0.16056209384648093,0.12873756676565198,-0.19372753251424654,-0.16328890507567811,0.08608860732896129,0.04398292247488943,0.9818304271603697
1758592558.6542025,low_light,135.83749782986112,3,0.21216003118498175,0.1370485788926665,-0.1810451590765035,0.1757608737634702,-0.18720984770355742,-0.03305829313390631,-0.9659025506912096
1758592558.73275,low_light,135.8601833767361,3,0.17301832484650012,0.1322134245830219,-0.19192551738180622,0.16845908924930467,-0.1084878373352971,-0.043378821318360496,-0.9787595221813346
1758592558.7738094,low_light,136.14731770833333,3,0.1219675410398613,0.12650032767006777,-0.18622684353614663,0.1616990650525064,-0.009738044882019237,-0.057769856995477084,-0.9850996023071694
1758592558.8451953,low_light,136.4497189670139,3,0.12413949637996945,0.13218174762958323,-0.18113450674100204,0.1729227686491488,-0.008300974285512353,-0.06502524276317952,-0.9827515086288164
1758592558.9120464,low_light,136.47285807291667,3,0.12004217104477988,0.13220020893811862,-0.1788533742926374,-0.17304862644551733,-0.00045043102393926837,0.06790064999983703,0.9825698304582797
1758592558.9754937,low_light,136.53032118055555,3,0.12403346150197787,0.13207664510497916,-0.17966620053806173,-0.17609682104251081,0.00794634650384718,0.06932925649887943,0.9818962365694631
1758592559.053692,low_light,136.58693901909723,3,0.19231270155780092,0.12985985345744397,-0.18277031844451383,-0.17284654514317305,0.1355755792450668,0.04574513316844808,0.974500239577105
1758592559.1311226,low_light,136.65283203125,3,0.11888683735995392,0.13581978679545312,-0.17726826524903383,-0.17956936431336182,-0.002407999486777168,0.07091271329070922,0.9811831796521566
1758592559.1743107,low_light,136.69995876736112,3,0.119421301184047,0.13670450044435203,-0.17863442160462673,-0.1822021837233693,-0.0016072094431240913,0.07242290276428713,0.9805889578612622
1758592559.2454123,low_light,136.7853005642361,3,0.1210542856792529,0.13736742711936545,-0.17921730603675182,-0.18293528984728746,0.001203231795960935,0.07176355233021273,0.9805015168365029
1758592559.3080564,low_light,136.8250444878472,3,0.11564698612376086,0.13226170187361191,-0.17955929401512408,-0.17607197513830958,-0.008655901494036167,0.0705046161773517,0.9818109971058095
1758592559.373943,low_light,137.112255859375,3,0.10482704037341169,0.12339153421586622,-0.17764196625001696,0.1653494041751144,0.03445101791254268,-0.07008717501789817,-0.9831380827746096
1758592559.4545023,low_light,137.06523763020834,3,0.11969421274834476,0.11645851986390397,-0.17949806292473255,-0.15916486050112566,-0.007354739861571424,0.06390365013245768,0.9851541902072867
1758592559.532041,low_light,137.1833148871528,3,0.10049082280783107,0.12577394685377372,-0.1742514439417866,-0.17356164970889956,-0.04452265510463427,0.07037330316930866,0.981295921286642
1758592559.582355,low_light,137.26939344618054,3,0.0977244880510526,0.12385529877876685,-0.1698454117302597,-0.17334957198613601,-0.05016370853930341,0.07137804619898257,0.9809886353870891
1758592559.7745116,low_light,137.15452473958334,4,0.1889576459008276,0.18989403383967918,-0.03407138451965111,0.19952958509911073,0.10138951996703649,-0.14386922243232841,-0.9639552669848057
1758592559.8540487,low_light,137.28099283854166,4,0.19186710888483716,0.1923457795937827,-0.03550817380761673,0.20911935031775056,0.09374912400033786,-0.14700336138205314,-0.962221497792597
1758592559.980987,low_light,137.57063042534722,3,0.11297349986331584,0.17198570853971754,-0.11323529422704487,0.26768082707812657,0.11619414227372815,-0.14709883386384945,-0.9450967300715511
1758592560.0454638,low_light,138.03519314236112,2,-0.09244590894947616,0.08626345763179984,-0.31879081381327956,0.33329229689748374,0.1150481163730026,-0.09842092892993708,-0.9305877156380217
1758592560.1143064,low_light,137.9995583767361,3,0.246452380493537,0.1586352572332557,-0.1213483072190802,-0.2486642350165361,0.14229488178328187,0.08633233768733213,0.954182892485169
1758592560.2548218,low_light,137.81129774305555,4,0.31462919895976527,0.1888574544758911,-0.05969156162697081,-0.20370521196349423,0.1876303330239738,0.08796721085448177,0.9568494210494687
1758592560.3326118,low_light,137.87055555555557,3,0.17576171078603423,0.14811936220400276,-0.17691826421596338,-0.24793115426685766,0.10211054935798258,0.09135195757011327,0.9590403528016026
1758592560.3816397,low_light,137.76614583333333,4,0.2918052293103091,0.19475821963910633,-0.07794631727416745,-0.20549761298834568,0.12196800090562743,0.10900394624200714,0.9648899820781882
1758592560.4474971,low_light,137.76566080729165,4,0.2535134201283103,0.21270483543781366,-0.06853230048365286,-0.21611763173685267,0.017063563504324808,0.14459807668098482,0.9654498434787525
1758592560.5148292,low_light,137.76435004340277,4,0.04834626610608432,0.15183038338917443,-0.19609884370626118,-0.16608881528163133,0.05689892239943295,0.025126581653899766,0.9841471805388241
1758592560.572786,low_light,137.82754014756944,3,0.144706717856862,0.1537397631517372,-0.18075186421622924,-0.2320842636093517,0.059165477636889285,0.10054346536436361,0.9656745582303745
1758592560.6542716,low_light,137.82995768229168,3,0.13360293989765856,0.15704142927086653,-0.177227934082953,-0.23180458851024008,0.038223452586897966,0.10221530989850912,0.9666217620353309
1758592560.7326367,low_light,137.8340842013889,3,0.16430645177676995,0.14689341007266302,-0.1830382201419464,0.22058479384633,-0.09543552660300614,-0.08882867982601562,-0.9666146463954219
1758592560.7803733,low_light,137.7527094184028,3,0.21704410219627177,0.14052731974507823,-0.16922857215293238,0.21529481460112032,-0.19714240694910257,-0.06687932221730168,-0.9541017610548354
1758592560.8448775,low_light,137.66273763020834,3,0.18634998691552088,0.14442248093045248,-0.18276662479928718,-0.2180091157666838,0.13569928617159177,0.08048930863045492,0.96310913211917
1758592560.910458,low_light,137.68282552083335,3,0.1774389842494423,0.1468325595976875,-0.18252246593773583,-0.22206747106157415,0.11831501510596731,0.08588110007997964,0.9640083153924782
1758592560.973457,low_light,137.5714572482639,3,0.12244186923704732,0.15359819603873273,-0.17311772128154893,-0.22693319716604485,0.013705104217712427,0.1080697553280518,0.9677987508390954
1758592561.052621,low_light,137.602802734375,3,0.18036059852544303,0.1385989263403621,-0.18184578779719654,0.2122924299288745,-0.12158500636179537,-0.08072380322798518,-0.9662466962506552
1758592561.130951,low_light,137.5634125434028,3,0.13842681987399258,0.1508941243861834,-0.17926734312110615,-0.2258376227426779,0.04428763082056153,0.09963613852604569,0.9680437044936845
1758592561.1823947,low_light,137.5002094184028,3,0.12378456725023738,0.15704340252228632,-0.17156520339849046,0.2335653907911728,-0.013822954224803619,-0.11186557569965434,-0.9657858081036658
1758592561.2459168,low_light,137.39149848090278,4,0.02440200503677363,0.145457253394871,-0.1845036428325062,-0.15379233882021254,0.004754544282127404,0.03436457422929655,0.9874939933320692
1758592561.3119621,low_light,137.38853081597222,4,0.07893854132695106,0.12759792733622094,-0.19393465375500407,-0.13425038413818902,0.09782717390805606,0.007495894432976662,0.9860783386580204
1758592561.3748128,low_light,137.36797743055556,4,0.028168740296884265,0.13997306470861176,-0.18606414252635203,-0.14672165557777303,0.010285062860041827,0.03236344465705245,0.988594750500129
1758592561.455722,low_light,137.3720703125,4,0.31588631806077416,0.18741695392404442,-0.06854733478019939,-0.18790790232547253,0.1868419008643345,0.0943157667471772,0.959627667623196
1758592561.5330904,low_light,137.3494162326389,4,0.2905058449210181,0.18798505792019557,-0.07860375894437671,0.18743840251209726,-0.11659027228642471,-0.10877609711412506,-0.9692478085445997
1758592561.5824366,low_light,137.44880316840278,4,0.24884877708462222,0.20251461709820973,-0.07292584112933254,-0.20404780463357314,0.013440698297640163,0.14174966556023716,0.9685509141842015
1758592561.6476586,low_light,137.5000857204861,4,0.23938618562268899,0.20323331266670558,-0.06651261420841006,-0.20484709012744373,-0.015175597837902566,0.14832815469804725,0.9673707300825534
1758592561.7112248,low_light,137.49294704861111,4,0.24311859840492084,0.2042599828670149,-0.06863638864512611,0.20697355248534652,0.004003521701521517,-0.14610890085065004,-0.9673665848466109
1758592561.7739441,low_light,137.48776150173612,4,0.24126103540648025,0.20364538326244203,-0.0681866004960226,-0.20506718707873373,-0.00910867277405969,0.14801257859868514,0.9674485812902301
1758592561.8553424,low_light,137.52915581597222,4,0.23971213698877375,0.20391263322700906,-0.06768326869452748,-0.20530942496876584,-0.012683638962698307,0.1488534296473721,0.9672279058235826
1758592561.9322984,low_light,137.53161024305555,4,0.23880305922551312,0.20418559420991386,-0.06718764390384703,-0.20584843778860876,-0.01539159490319253,0.14921454427914263,0.9670183758553362
1758592561.977082,low_light,137.55227322048611,4,0.24252934418363375,0.2050698171802541,-0.06879082460319513,0.20736624151976896,0.004702469515876939,-0.14770879128939007,-0.9670363186738358
1758592562.045624,low_light,137.58916666666667,4,0.31730429605466065,0.1869019457688691,-0.06917169988775165,-0.1880757206472191,0.18871299309246825,0.09605089373424273,0.9590563879949731
1758592562.112707,low_light,137.56084635416667,4,0.31807064859071166,0.1864099438418978,-0.06876438208792103,-0.1874803354958732,0.1903092659865696,0.09540598764478529,0.9589218970299567
1758592562.1733162,low_light,137.53157769097223,4,0.24103516678926723,0.20272489504730778,-0.06803315479531,0.20478065693695305,0.01019723722431487,-0.14907888937926855,-0.9673346802626819
1758592562.2546258,low_light,137.55845269097222,4,0.24087766907058158,0.20340866918835182,-0.06839327613696204,-0.20536977050395105,-0.010264641457210844,0.14881164170665045,0.9672502208795204
1758592562.332168,low_light,137.55204969618055,4,0.24919126881820838,0.1990212336655103,-0.07338182271098007,0.19932245763026304,-0.013991940681506332,-0.1398916114945267,-0.9697964325123398
1758592562.38281,low_light,137.57004991319445,4,0.24312309980641406,0.19999616524113034,-0.07019004066631906,0.19969435502590663,0.00318694614189563,-0.14577587884063464,-0.9689486060123708
1758592562.4474936,low_light,137.72197591145834,4,0.3154323856356135,0.18843220586807854,-0.06601941202731554,-0.19030599292248151,0.18565567587760157,0.09717348941099634,0.9591000531894001
1758592562.5135531,low_light,137.72578125,4,0.23966399558325518,0.19937310047441675,-0.06811198912814447,-0.19811544720917748,-0.0100433337100575,0.14444761018236354,0.9694247206140867
1758592562.5743399,low_light,137.70361979166665,4,0.30260039807215783,0.1868279145073657,-0.07203441664095939,0.18704234339687087,-0.14962916890827505,-0.10160400931407844,-0.9655583353064333
1758592562.6551619,low_light,137.681142578125,4,0.3146885260469249,0.18416847547291176,-0.06584434467726252,-0.18253230696531944,0.1829481004363125,0.09355177309688503,0.9614884373777419
1758592562.7317677,low_light,137.69111219618057,4,0.24235515732822083,0.20218580138528824,-0.06850527565466162,-0.20260131280622032,-0.0039235895391176445,0.14411185564428053,0.9685912897383946
1758592562.7750456,low_light,137.65846354166666,4,0.2390739040013546,0.20187993811671373,-0.06688693645795663,0.2016364563886324,0.013536887937649289,-0.1466032099141263,-0.9683320664745505
1758592562.8454487,low_light,137.6747808159722,4,0.2686913636909456,0.19335972753835495,-0.07786951161160628,-0.19321297891547393,0.06377979537681455,0.12629649311593663,0.9709016831311585
1758592562.9100044,low_light,137.65311848958333,4,0.24154889677852398,0.20216616304258977,-0.068176855037617,0.20241024628061585,0.006704740361115014,-0.14626753877435827,-0.9682927996005146
1758592562.9746456,low_light,137.65414279513888,4,0.31606575539153653,0.18557141006493594,-0.06687948945100296,-0.18567060392060863,0.18523399452095157,0.09626139150331953,0.9601815133709943
1758592563.0539706,low_light,137.62005967881944,4,0.25141347681003057,0.19846281931143342,-0.07415375989597982,-0.19800660595687744,0.021119409914423626,0.13835171245967626,0.9701578006601709
1758592563.132603,low_light,137.60714626736112,4,0.25182553876850766,0.19800633755626054,-0.07410352917615129,-0.19804715389854047,0.021842941291774776,0.1386176353427356,0.9700955426762872
1758592563.1863456,low_light,137.62659288194445,4,0.25160236200333813,0.19808562180558417,-0.07361388925907622,0.19775963393062598,-0.021187164764416178,-0.13796030039737178,-0.9702624318972353
1758592563.2458649,low_light,137.645009765625,4,0.2744023335475121,0.19268364420029754,-0.07858319721234816,-0.1928312720594749,0.07766664363511655,0.12236707137165452,0.9704691096713511
1758592563.3114672,low_light,137.64082356770834,4,0.24155890422776244,0.1993022570915846,-0.0687599072307202,-0.19832744833367433,-0.006851031957672449,0.14543905727013584,0.9692609386635485
1758592563.374166,low_light,137.60138671875,4,0.29922282217046514,0.1881819364874599,-0.07588278915552414,-0.1883915470848841,0.14050581983910782,0.10754697169198853,0.9660229751192186
1758592563.4553354,low_light,137.605107421875,4,0.26630460120312277,0.19513400306520667,-0.07831184906917918,-0.19492374629521605,0.05875694290406597,0.12856288382129374,0.9705791774473417
1758592563.5333169,low_light,137.59692274305556,4,0.28217195050716287,0.19182958284547869,-0.079322376084034,-0.1924192417780444,0.09814402165531477,0.11844793774601807,0.9691814445451369
1758592563.5875707,low_light,137.626611328125,4,0.2689371732172299,0.19487862802992445,-0.07853928153837388,0.19443256168648637,-0.06537500053188272,-0.12674930126720518,-0.9704930205260424
1758592563.6470313,low_light,137.5970746527778,4,0.24208728616576902,0.200146725158715,-0.06855422780204562,0.19987800366638253,0.005417347681559548,-0.14666266829521363,-0.9687669986756191
1758592563.714797,low_light,137.62864691840278,4,0.23789037895460108,0.20133687206422504,-0.06542845566191158,0.200317668639266,0.018194579747898953,-0.14963177225445695,-0.9680661762662287
1758592563.7735798,low_light,137.56697265625,4,0.25314444474983266,0.1964677970408252,-0.0746891808212653,0.19581362862253482,-0.025156343945121895,-0.137231178209106,-0.9706656401317247
1758592563.854685,low_light,137.5688693576389,4,0.24200652269492728,0.20013407734299982,-0.06916269235880104,-0.1993707093688056,-0.004979474235503045,0.14607318251482657,0.9689629252103028
1758592563.9329681,low_light,137.6000857204861,4,0.24366772942030224,0.200393960797763,-0.06949516774342825,-0.20010309974359658,-0.001092078265764851,0.14551750738134522,0.9689077416780123
1758592563.987956,low_light,137.57807508680557,4,0.2618885973390168,0.19634530914862977,-0.07615704809466914,-0.19626068473909353,0.04711027368490317,0.1320549080416622,0.9704761032612726
1758592564.0470111,low_light,137.5934353298611,4,0.2505524988568433,0.19767906711000122,-0.07288694185836442,-0.19719507270960326,0.017754219616190614,0.14048795261986327,0.9700835150406142
1758592564.1113348,low_light,137.61623155381943,4,0.25009780506445445,0.1985307569842334,-0.07325455737183985,-0.198152358256414,0.01726248622739568,0.13999688175476607,0.9699683100934856
1758592564.174425,low_light,137.58999782986112,4,0.253869438671094,0.19831091751425856,-0.07370253106700629,-0.19890522868901178,0.02553151155262201,0.13891570867259712,0.9697872332640805
1758592564.2536805,low_light,137.5957421875,4,0.26528369826906373,0.1945595193451631,-0.07647358882899644,0.19460822470478353,-0.05426462726859205,-0.13040188190130295,-0.9706587136070286
1758592564.3320823,low_light,137.61947265625,4,0.27407650856524995,0.19459113595389727,-0.07757164553439805,-0.1952624092490595,0.07684786643499009,0.12561920861642345,0.9696323073130484
1758592564.3760097,low_light,137.58679796006945,4,0.24266749479935235,0.2000631523295893,-0.0683466389594776,-0.2000261279709592,-0.005012194501597844,0.14621999444867895,0.9688055218972752
1758592564.4471016,low_light,137.61124131944445,4,0.24341463556783105,0.19962417287118828,-0.06981584097700957,0.198348166054723,0.002512309007286495,-0.14614849024645366,-0.9691709406110265
1758592564.5138876,low_light,137.59265299479168,4,0.2444627614718229,0.19953020269187596,-0.06976095416468998,0.1983003089566419,0.00039777242366256793,-0.1459934353576281,-0.9692072771483288
1758592564.575481,low_light,137.59638671875,4,0.2732726967239881,0.19206948441356447,-0.07910533211049646,0.1904772748632786,-0.07426892705977817,-0.12373008292647823,-0.971026982536044
1758592564.654277,low_light,137.55996419270832,4,0.26065842737248085,0.19606107277138513,-0.07609676967289905,0.19434026659415593,-0.04164061314326262,-0.1353188771287229,-0.9706630319579435
1758592564.7332444,low_light,137.55481011284724,4,0.28244323286309264,0.18984349563532088,-0.07911323903237448,-0.18904959768087481,0.09643818682413852,0.12188711287254345,0.9695893241235526
1758592564.7778044,low_light,137.47581922743055,4,0.2442782718662788,0.20152518089122207,-0.06937623590852528,0.1997751687918408,0.0023627582027342386,-0.14802156831572208,-0.9685937820475728
1758592564.846449,low_light,137.4336154513889,4,0.24803489546898166,0.19874568052637911,-0.0713159371293264,0.19548834652955105,-0.006012811754777858,-0.14613425689543694,-0.9697385892226633
1758592564.91259,low_light,137.43326280381945,4,0.31863898270904545,0.18597535698803164,-0.06969900294963599,0.18400494134797868,-0.19023674965823356,-0.10022024940469901,-0.9591183775990624
1758592564.9743621,low_light,137.37608940972223,4,0.24657798679534354,0.20015498323086062,-0.07175578816211123,-0.19616666930372215,0.0013025047211456808,0.1482007685329271,0.9693056656916772
1758592565.0530121,low_light,137.35678493923612,4,0.27317073952761006,0.19464564035012433,-0.08040686035892852,-0.19198729355228245,0.0697064068607639,0.13150530060716795,0.9700454895876014
1758592565.1320837,low_light,137.33361002604167,4,0.26235137775375206,0.1959497401509858,-0.07839857893792135,-0.191479882330546,0.04124165038412908,0.13963196608682943,0.9706376744094574
1758592565.1749394,low_light,137.28662000868056,4,0.32240310705889225,0.18478549496512653,-0.07152968725987366,-0.18112344531917954,0.19716916034555454,0.10030464337121853,0.9582575845160384
1758592565.2470887,low_light,137.25363606770833,4,0.25382781151172207,0.2017896840157849,-0.07475722939870237,-0.1980789691679418,0.016935125861409994,0.1500111220612002,0.968490881084259
1758592565.3135414,low_light,137.21381184895833,4,0.32228786680690336,0.18263949841451524,-0.07546319915110611,0.17601545974917837,-0.194238191971968,-0.10349346701010827,-0.9594681782086235
1758592565.374211,low_light,137.39931315104167,3,0.19533091195512342,0.13092699372698477,-0.17719736601854474,-0.19775408807827785,0.1465769836904356,0.08750677560562489,0.9652725380552627
1758592565.4528875,low_light,137.1170703125,2,0.26981019418264934,0.11689922245545847,-0.1199782364596955,-0.07751588475829695,0.12815303548453494,0.02459029512884251,0.9884145913996386
1758592565.532135,low_light,137.04631293402778,3,0.18205891124440277,0.15347103311015134,-0.19327125707353143,0.2147194310563457,-0.14634323057221743,-0.10580374916122777,-0.9598358148433273
1758592565.8542943,low_light,137.62667100694443,3,0.12298774637759975,0.13105297555507503,-0.18099187200489283,0.17576652759626354,-0.0005017542280403298,-0.1030133987631035,-0.9790271271495595
1758592565.9327743,low_light,137.46707139756944,3,0.1165817773053714,0.13245547929389567,-0.18249417368031326,-0.18101965491707483,-0.010460746276500288,0.1023337796817935,0.9780849936774818
1758592566.0454183,low_light,137.50636610243055,4,0.27567736050877684,0.20114457955300985,-0.09031674381072517,0.20324848688758948,-0.08072507660917028,-0.12440046792630677,-0.9678316166379696
1758592566.1132255,low_light,137.56938585069443,4,0.26546048793242194,0.21635603139837856,-0.08061714282832788,-0.22463202725959833,0.0513883302108562,0.14798663760066738,0.9617690195358923
1758592566.1746385,low_light,137.57502387152778,4,0.26681875732925747,0.2136720249464676,-0.08537308638872723,0.2206950108030836,-0.05856157380306304,-0.14434885695751912,-0.9628227571964594
1758592566.2539625,low_light,137.65656141493056,4,0.2647486639385793,0.22399209909135132,-0.07977165931943397,-0.2317801925197522,0.047838257320607314,0.15941484026574645,0.9584238896203915
1758592566.331219,low_light,137.77133029513888,3,0.19985809413049715,0.1870801952243145,-0.1785411327124902,0.26046689536216894,-0.07674859793515654,-0.13367638903563223,-0.9530987735538091
1758592566.3754818,low_light,138.10862847222222,3,0.16811385910776477,0.19379761069296023,-0.15589634211707556,0.27552180705884666,-0.005473162409375454,-0.15723603808720313,-0.9483325401223497
1758592566.4444716,low_light,138.2584157986111,3,0.22199962629960604,0.17432200983246168,-0.1799124726722242,0.2519396323117177,-0.11065703630487256,-0.12716578906174786,-0.9529482168927974
1758592566.513253,low_light,138.2317534722222,3,0.1702444312422452,0.1939487384771785,-0.15759663092205334,-0.27354259930192004,0.00934247949359479,0.1578333033145936,0.9487759550119641
1758592566.573611,low_light,138.241953125,3,0.17434368014024015,0.19140530862653246,-0.16109845458922809,0.2696471834902212,-0.018299572391771823,-0.15712417759310113,-0.949877631540906
1758592566.6530132,low_light,138.34065104166666,3,0.17354841921701838,0.19426697715171046,-0.15792135759292494,-0.27572671602883264,0.014024136079936134,0.1556881942881692,0.9484404503364754
1758592566.7320576,low_light,138.32845811631944,3,0.17264802754351968,0.1948406871709577,-0.1573901522087132,0.2746868751332089,-0.012093165205981471,-0.15597748280037532,-0.948721192365867
1758592566.7748814,low_light,138.36956380208332,3,0.23987722815203272,0.16669923322499539,-0.17783731146426737,-0.23980453093724616,0.13863025729414513,0.11604626046619541,0.9538389298704154
1758592566.844386,low_light,138.3917306857639,3,0.2672112629257123,0.15768800184889295,-0.1698080860371285,-0.2281823545852486,0.18825014623481884,0.10396131128765934,0.949571872610942
1758592566.9116938,low_light,138.37511827256944,3,0.27985580367490354,0.15157748806942303,-0.15905220932459746,0.21900035116371094,-0.21469147588289728,-0.09750725287607874,-0.9468044951361158
1758592566.9728985,low_light,138.36755316840276,3,0.24691561583756907,0.1617344727558768,-0.17620356310294402,0.22954629862105885,-0.14896442240439756,-0.11559893949487413,-0.9548586192912313
1758592567.0521157,low_light,138.39746202256944,3,0.20279298707209936,0.18012408784908698,-0.17456788807140167,-0.25036127676607545,0.06878789707603716,0.14037134784572514,0.9554492875165547
1758592567.1309717,low_light,138.33822374131944,3,0.20896910892019951,0.17705609184677454,-0.17652768156651832,-0.24527826670656205,0.08084624030166176,0.13644436429283643,0.9563918615103508
1758592567.1796644,low_light,138.33133897569445,4,0.023392098239760767,0.17318367593983236,-0.17289364648655792,0.19696871263304297,-0.033877085604900437,-0.1135521873615998,-0.9732222613873956
1758592567.2458522,low_light,138.33913953993056,4,0.33284714953070127,0.18548862096289992,-0.07583968812317418,-0.17815869504550208,0.2056251134022049,0.1053699191287196,0.9564909682066118
1758592567.313131,low_light,138.26517035590277,4,0.33017654274384306,0.18426746387179738,-0.07594267835230187,-0.1764667565530546,0.20349797179957385,0.10461315157622317,0.9573422312957863
1758592567.374486,low_light,138.26256727430555,4,0.26437409577017856,0.1971927845597794,-0.07989580733396545,-0.18843916297996652,0.04493347289788108,0.14160331393395784,0.9707832746559172
1758592567.4538887,low_light,138.24284505208334,4,0.2600498017392818,0.20551023350067882,-0.07533805642108012,-0.20074588769610394,0.03811682677968742,0.1455272077776554,0.9680237744424409
1758592567.531917,low_light,138.19807074652778,4,0.2596828427543396,0.19761929299259134,-0.07613576929045213,0.1894937493000884,-0.036085822993952354,-0.1417396877345956,-0.9709272852669988
1758592567.5783474,low_light,138.15736979166667,4,0.2969704469878388,0.186912194948875,-0.08266989269909518,-0.17782592888055992,0.12470642465955939,0.11734569003944942,0.9690491399797851
1758592567.64551,low_light,138.106474609375,4,0.28273177597652466,0.19377846314474154,-0.08257077690341821,0.18616510666815766,-0.09238640093690009,-0.12761744228003943,-0.9698046681714111
1758592567.7095613,low_light,138.0944476996528,4,0.2611097823246319,0.20117754084884582,-0.07702299524961506,0.19451412096071818,-0.04021667048373978,-0.14336713395015702,-0.9695322279661465
1758592567.7739403,low_light,138.05040147569446,4,0.2505344112414444,0.20734951500484827,-0.07010481295904115,-0.20280763837022686,0.01111475921781857,0.1514978236957177,0.9673644263470111
1758592567.8541155,low_light,138.0614453125,4,0.2505845017201496,0.20535564665849534,-0.07134887966198755,0.19834890038152095,-0.011693093316871406,-0.15135102350871743,-0.9683046281873219
1758592567.9308927,low_light,138.06028645833334,4,0.2513279799294693,0.20353064475067442,-0.07193078853808954,0.1956969711376826,-0.012997932456975336,-0.15103493750727442,-0.9688767707461847
1758592567.9780998,low_light,138.03509331597223,4,0.252205957046788,0.20243522348515544,-0.07295635589048416,-0.1936960614991458,0.015992065030255964,0.14960801072514884,0.9694552762983195
1758592568.0453317,low_light,138.02925672743055,4,0.253614211327628,0.20073815803248088,-0.07489873457316698,-0.19129232378076982,0.02017854577485889,0.1481840118894741,0.9700729723960491
1758592568.111169,low_light,138.01875434027778,4,0.2654707716070913,0.19659930338503967,-0.08052188091527222,0.1859484714520318,-0.05061871669545248,-0.13842577869230602,-0.97144182289944
1758592568.1755679,low_light,137.99731553819444,4,0.32558102280256584,0.18140267967084345,-0.07179323936972672,0.1711087260338094,-0.19591787843220465,-0.10076314257259206,-0.960304523515643
1758592568.2544823,low_light,137.98797743055556,4,0.25936040577465286,0.19829068711395803,-0.07781301931640008,0.18848039671693123,-0.034999321514671,-0.14291406744663418,-0.9709921507781615
1758592568.3316483,low_light,137.98862196180556,4,0.27139078380112136,0.19529943689612705,-0.08209894740380566,0.18529541186144893,-0.0644480399611147,-0.13565899252244046,-0.971137836888288
1758592568.3746004,low_light,137.97299587673612,4,0.3268279195757693,0.18220311559617447,-0.07214568836726912,0.17185000515190693,-0.20006994951420454,-0.10064615763097233,-0.9593278594853768
1758592568.446618,low_light,137.97611870659722,4,0.26986334030804826,0.1948857737514505,-0.08167075350169616,-0.18489187037510835,0.061112308773813906,0.13623155318949953,0.9713502179446424
1758592568.510934,low_light,137.96318901909723,4,0.26904417125648505,0.19682654982546585,-0.0814277481046003,0.18783389129871483,-0.05936507467255403,-0.13749229389949683,-0.9707162748748774
1758592568.574595,low_light,137.92899088541665,4,0.2827519504717963,0.19278936357353293,-0.0830966801277451,0.18432903038187515,-0.09127736777372086,-0.12989285783957555,-0.9699582960999131
1758592568.6544201,low_light,137.95679361979165,4,0.25577032645252046,0.20261314921936385,-0.07460247357171877,-0.19525329272027542,0.02409975598092262,0.15053691971322497,0.9688312491072966
1758592568.733422,low_light,137.94601345486112,4,0.25534441690175835,0.20561361406269105,-0.07451942819465744,-0.19872380585981253,0.023983512549744623,0.1523502570699038,0.9678445325986511
1758592568.7765443,low_light,137.925947265625,4,0.25458004233547393,0.2037488507319462,-0.0748193042228742,0.1958410278576201,-0.02145936641127555,-0.15170559452642,-0.9685923807207458
1758592568.8464866,low_light,137.89359266493057,4,0.306264483702397,0.18261647192409786,-0.08361560136517263,-0.17441116962057474,0.13862874928712876,0.11620033336349057,0.9679154386148014
1758592568.9085338,low_light,137.75884331597223,3,0.22658038284409943,0.13719228847163029,-0.18003395164016764,0.20953555526235804,-0.21505186992187864,-0.08961036675705787,-0.9496407354856172
1758592568.9707594,low_light,137.4782497829861,1,-0.015273134591925877,0.010842921429988994,-0.4255495373519672,0.1912524611154672,-0.0654566801199824,-0.04577496498251338,-0.9782855266872736
1758592569.0516686,low_light,137.69881510416667,1,0.6903573261791076,0.3222216781731946,0.2034215444710259,0.014780552016625204,0.3766732302197068,-0.10290003307605715,0.9204946475188663
1758592569.1317325,low_light,137.76358289930556,2,0.2513160495764086,-0.13409969598542829,-0.36903523853781717,-0.05528134141543485,0.438705790307509,-0.05294450893201721,0.8953647758405068
1758592569.1797545,low_light,137.89676540798612,2,-0.07664301419079061,0.12162256864589528,-0.372610614464701,-0.3429567155321298,0.06572973707561391,0.11967410404754507,0.9293752749862683
1758592569.2442706,low_light,137.87620985243055,3,0.20392454573922922,0.19664262457577644,-0.19764735034349454,0.2546096787432335,-0.10231373604450089,-0.15916729675949384,-0.9483520351373531
1758592569.3108084,low_light,137.89014431423612,3,0.29370879693380825,0.12542178709574006,-0.1949423842123997,-0.17222355950347248,0.2755679764168997,0.08204722556888133,0.9421621881087663
1758592569.372822,low_light,137.89154947916666,3,0.2111544045337944,0.18103683350201108,-0.2042618609571553,0.2376700636269755,-0.11856514382783079,-0.14432618108937514,-0.953218338565091
1758592569.4524033,low_light,137.94488606770832,3,0.28369753086299554,0.12982255271206503,-0.19900974542781646,-0.17711728803996418,0.2510634287138901,0.09308335457021828,0.9470649978442603
1758592569.5323875,low_light,138.01624674479166,3,0.28509389567182847,0.13214718920133875,-0.18859616561097892,0.17983683105143716,-0.25168178357503157,-0.10115513313811686,-0.9455594286207913
1758592569.7097535,low_light,137.43896918402777,1,0.1465968762392563,-0.133185561453849,-0.30577267188084756,-0.045225742261192775,0.4060736193774762,-0.06507331223393345,0.910397886595474
1758592569.9303808,low_light,137.48556749131944,2,-0.14646034310234682,0.022640670484861736,-0.3181558327632861,-0.22037674028994342,0.08172056446885156,0.07899349146315122,0.9687702875235866
1758592569.9794517,low_light,137.46639865451388,1,0.11206274187891818,-0.10469271998049384,-0.31269432166838174,0.04718834260850012,-0.35481591490593967,0.032293299857763934,-0.9331859780534747
1758592570.0436854,low_light,137.4279275173611,2,-0.12892925797832394,0.01941159205551265,-0.3076142619514236,0.20770813676524927,-0.07369258609087681,-0.07037299473934192,-0.9728691455114421
1758592570.1102517,low_light,137.31167751736112,2,-0.026701013504868087,-0.08473800781714805,-0.29336409832976473,-0.05614114522543973,0.22201397761038466,0.02684382569645087,0.9730556893520382
